0,NONE
1,NONE
2,NONE
3,NONE
4,NONE
5,NONE
6,NONE
7,NONE
8,NONE
9,NONE
10,NONE
11,NONE
12,NONE
13,NONE
14,NONE
15,NONE
16,NONE
17,NONE
18,NONE
19,NONE
20,NONE
21,NONE
22,NONE
23,NONE
24,NONE
25,NONE
26,NONE
27,NONE
28,NONE
29,NONE
30,NONE
31,NONE
32,NONE
33,NONE
34,NONE
35,NONE
36,NONE
37,NONE
38,NONE
39,NONE
40,NONE
41,NONE
42,NONE
43,NONE
44,NONE
45,NONE
46,NONE
47,NONE
48,NONE
49,NONE
50,NONE
51,NONE
52,NONE
53,NONE
54,NONE
55,NONE
56,NONE
57,NONE
58,NONE
59,NONE
60,NONE
61,NONE
62,NONE
63,NONE
64,NONE
65,NONE
66,NONE
67,NONE
68,NONE
69,NONE
70,NONE
71,NONE
72,NONE
73,NONE
74,NONE
75,NONE
76,NONE
77,NONE
78,NONE
79,NONE
80,NONE
81,NONE
82,NONE
83,NONE
84,NONE
85,NONE
86,NONE
87,NONE
88,NONE
89,NONE
90,NONE
91,NONE
92,NONE
93,NONE
94,NONE
95,NONE
96,NONE
97,NONE
98,NONE
99,NONE
100,NONE
101,NONE
102,NONE
103,NONE
104,NONE
105,NONE
106,NONE
107,NONE
108,NONE
109,NONE
110,NONE
111,NONE
112,NONE
113,NONE
114,NONE
115,NONE
116,NONE
117,NONE
118,NONE
119,NONE
120,NONE
121,NONE
122,NONE
123,NONE
124,NONE
125,NONE
126,NONE
127,NONE
128,NONE
129,NONE
130,NONE
131,NONE
132,NONE
133,NONE
134,NONE
135,NONE
136,NONE
137,NONE
138,NONE
139,NONE
140,NONE
141,NONE
142,NONE
143,NONE
144,NONE
145,NONE
146,NONE
147,NONE
148,NONE
149,NONE
150,NONE
151,NONE
152,NONE
153,NONE
154,NONE
155,NONE
156,NONE
157,NONE
158,NONE
159,NONE
160,NONE
161,NONE
162,NONE
163,NONE
164,NONE
165,NONE
166,NONE
167,NONE
168,NONE
169,NONE
170,NONE
171,NONE
172,NONE
173,NONE
174,NONE
175,NONE
176,NONE
177,NONE
178,NONE
179,NONE
180,NONE
181,NONE
182,NONE
183,NONE
184,NONE
185,NONE
186,NONE
187,NONE
188,NONE
189,NONE
190,NONE
191,NONE
192,NONE
193,NONE
194,NONE
195,NONE
196,NONE
197,NONE
198,NONE
199,NONE
200,NONE
201,NONE
202,NONE
203,NONE
204,NONE
205,NONE
206,NONE
207,NONE
208,NONE
209,NONE
210,NONE
211,NONE
212,NONE
213,NONE
214,NONE
215,NONE
216,NONE
217,NONE
218,NONE
219,NONE
220,NONE
221,NONE
222,NONE
223,NONE
224,NONE
225,NONE
226,NONE
227,NONE
228,NONE
229,NONE
230,NONE
231,NONE
232,NONE
233,NONE
234,NONE
235,NONE
236,NONE
237,NONE
238,NONE
239,NONE
240,NONE
241,NONE
242,NONE
243,NONE
244,NONE
245,NONE
246,NONE
247,NONE
248,NONE
249,NONE
250,NONE
251,148313526
252,NONE
253,NONE
254,2503369217
255,NONE
256,NONE
257,NONE
258,NONE
259,NONE
260,3802986672
261,467150002
262,NONE
263,NONE
264,NONE
265,NONE
266,27553863
267,NONE
268,NONE
269,NONE
270,NONE
271,NONE
272,27652378
273,NONE
274,NONE
275,NONE
276,NONE
277,NONE
278,NONE
279,NONE
280,NONE
281,NONE
282,NONE
283,NONE
284,NONE
285,NONE
286,NONE
287,NONE
288,NONE
289,NONE
290,NONE
291,NONE
292,NONE
293,NONE
294,5595236177
295,4625185531
296,NONE
297,NONE
298,NONE
299,NONE
300,NONE
301,NONE
302,NONE
303,NONE
304,NONE
305,NONE
306,NONE
307,NONE
308,NONE
309,NONE
310,NONE
311,NONE
312,NONE
313,NONE
314,NONE
315,NONE
316,NONE
317,NONE
318,NONE
319,NONE
320,NONE
321,NONE
322,NONE
323,NONE
324,NONE
325,NONE
326,NONE
327,NONE
328,NONE
329,NONE
330,NONE
331,NONE
332,NONE
333,NONE
334,NONE
335,276880818
336,NONE
337,NONE
338,NONE
339,NONE
340,NONE
341,NONE
342,NONE
343,NONE
344,NONE
345,NONE
346,NONE
347,NONE
348,27396883
349,NONE
350,NONE
351,NONE
352,NONE
353,NONE
354,NONE
355,NONE
356,NONE
357,276880792
358,NONE
359,NONE
360,332375981
361,NONE
362,NONE
363,NONE
364,NONE
365,NONE
366,NONE
367,8914988
368,NONE
369,NONE
370,NONE
371,NONE
372,NONE
373,NONE
374,NONE
375,8916919
376,NONE
377,NONE
378,NONE
379,NONE
380,NONE
381,NONE
382,NONE
383,NONE
384,NONE
385,NONE
386,NONE
387,NONE
388,NONE
389,NONE
390,NONE
391,NONE
392,NONE
393,NONE
394,NONE
395,NONE
396,NONE
397,NONE
398,224384016
399,NONE
400,NONE
401,NONE
402,NONE
403,NONE
404,NONE
405,NONE
406,NONE
407,NONE
408,NONE
409,NONE
410,NONE
411,256871621
412,NONE
413,NONE
414,NONE
415,32947510
416,NONE
417,NONE
418,NONE
419,NONE
420,NONE
421,NONE
422,NONE
423,NONE
424,NONE
425,NONE
426,NONE
427,NONE
428,NONE
429,8916280
430,NONE
431,NONE
432,NONE
433,NONE
434,NONE
435,NONE
436,NONE
437,NONE
438,NONE
439,NONE
440,NONE
441,254968956
442,NONE
443,NONE
444,NONE
445,NONE
446,NONE
447,NONE
448,NONE
449,NONE
450,NONE
451,NONE
452,NONE
453,NONE
454,NONE
455,NONE
456,NONE
457,NONE
458,NONE
459,NONE
460,NONE
461,NONE
462,NONE
463,NONE
464,NONE
465,NONE
466,NONE
467,NONE
468,NONE
469,NONE
470,NONE
471,NONE
472,NONE
473,NONE
474,NONE
475,NONE
476,NONE
477,NONE
478,NONE
479,NONE
480,NONE
481,706532925
482,NONE
483,NONE
484,NONE
485,NONE
486,NONE
487,NONE
488,NONE
489,NONE
490,NONE
491,NONE
492,NONE
493,NONE
494,NONE
495,NONE
496,NONE
497,NONE
498,358805065
499,NONE
500,NONE
501,NONE
502,NONE
503,NONE
504,NONE
505,NONE
506,NONE
507,NONE
508,619378866
509,NONE
510,NONE
511,NONE
512,NONE
513,NONE
514,NONE
515,NONE
516,NONE
517,4069447491
518,NONE
519,NONE
520,NONE
521,NONE
522,NONE
523,NONE
524,NONE
525,288387755
526,NONE
527,NONE
528,NONE
529,NONE
530,550652205
531,NONE
532,NONE
533,5305948117
534,NONE
535,NONE
536,NONE
537,NONE
538,NONE
539,NONE
540,NONE
541,NONE
542,NONE
543,2340978754
544,NONE
545,254305046
546,NONE
547,NONE
548,NONE
549,NONE
550,NONE
551,NONE
552,NONE
553,NONE
554,NONE
555,NONE
556,NONE
557,NONE
558,NONE
559,NONE
560,NONE
561,NONE
562,NONE
563,NONE
564,NONE
565,NONE
566,NONE
567,NONE
568,NONE
569,NONE
570,254299141
571,NONE
572,NONE
573,NONE
574,NONE
575,NONE
576,NONE
577,NONE
578,NONE
579,NONE
580,NONE
581,NONE
582,NONE
583,NONE
584,NONE
585,NONE
586,NONE
587,NONE
588,NONE
589,NONE
590,NONE
591,NONE
592,NONE
593,NONE
594,NONE
595,NONE
596,NONE
597,NONE
598,NONE
599,NONE
600,NONE
601,NONE
602,NONE
603,NONE
604,NONE
605,NONE
606,173103915
607,NONE
608,NONE
609,NONE
610,NONE
611,4613804349
612,NONE
613,NONE
614,NONE
615,NONE
616,NONE
617,NONE
618,NONE
619,NONE
620,NONE
621,NONE
622,NONE
623,NONE
624,NONE
625,NONE
626,NONE
627,NONE
628,NONE
629,NONE
630,NONE
631,1241690521
632,NONE
633,NONE
634,NONE
635,NONE
636,NONE
637,NONE
638,NONE
639,274354574
640,NONE
641,NONE
642,NONE
643,NONE
644,283529403
645,NONE
646,NONE
647,NONE
648,NONE
649,NONE
650,25655712
651,NONE
652,NONE
653,NONE
654,3493471
655,8920742
656,NONE
657,NONE
658,NONE
659,NONE
660,NONE
661,NONE
662,NONE
663,NONE
664,NONE
665,NONE
666,NONE
667,NONE
668,NONE
669,NONE
670,NONE
671,NONE
672,414960395
673,NONE
674,NONE
675,NONE
676,225854638
677,NONE
678,NONE
679,NONE
680,NONE
681,NONE
682,NONE
683,NONE
684,527443476
685,NONE
686,NONE
687,NONE
688,NONE
689,NONE
690,NONE
691,NONE
692,260123559
693,NONE
694,NONE
695,NONE
696,NONE
697,NONE
698,NONE
699,NONE
700,NONE
701,NONE
702,1003279922
703,397264557
704,NONE
705,NONE
706,NONE
707,NONE
708,NONE
709,NONE
710,NONE
711,NONE
712,NONE
713,NONE
714,NONE
715,NONE
716,NONE
717,NONE
718,NONE
719,NONE
720,NONE
721,NONE
722,NONE
723,NONE
724,NONE
725,NONE
726,NONE
727,NONE
728,NONE
729,1229920642
730,NONE
731,NONE
732,NONE
733,NONE
734,NONE
735,NONE
736,NONE
737,NONE
738,NONE
739,527449604
740,NONE
741,NONE
742,NONE
743,NONE
744,NONE
745,NONE
746,NONE
747,NONE
748,NONE
749,NONE
750,183198746
751,183198746
752,NONE
753,NONE
754,NONE
755,NONE
756,NONE
757,NONE
758,NONE
759,NONE
760,NONE
761,NONE
762,NONE
763,NONE
764,NONE
765,NONE
766,NONE
767,NONE
768,NONE
769,NONE
770,NONE
771,NONE
772,NONE
773,NONE
774,NONE
775,NONE
776,NONE
777,NONE
778,NONE
779,NONE
780,NONE
781,254466691
782,NONE
783,NONE
784,NONE
785,NONE
786,NONE
787,NONE
788,NONE
789,NONE
790,NONE
791,NONE
792,NONE
793,NONE
794,NONE
795,NONE
796,NONE
797,NONE
798,NONE
799,NONE
800,NONE
801,NONE
802,NONE
803,NONE
804,NONE
805,NONE
806,NONE
807,NONE
808,396959342
809,NONE
810,NONE
811,NONE
812,NONE
813,NONE
814,NONE
815,NONE
816,NONE
817,NONE
818,NONE
819,NONE
820,NONE
821,NONE
822,264938104
823,NONE
824,NONE
825,NONE
826,NONE
827,NONE
828,NONE
829,NONE
830,NONE
831,NONE
832,NONE
833,NONE
834,NONE
835,NONE
836,NONE
837,363511004
838,NONE
839,NONE
840,NONE
841,NONE
842,NONE
843,NONE
844,NONE
845,30757775
846,NONE
847,NONE
848,NONE
849,NONE
850,NONE
851,NONE
852,NONE
853,NONE
854,NONE
855,NONE
856,NONE
857,NONE
858,8916689
859,NONE
860,NONE
861,NONE
862,NONE
863,NONE
864,NONE
865,NONE
866,NONE
867,NONE
868,NONE
869,NONE
870,NONE
871,NONE
872,NONE
873,NONE
874,NONE
875,NONE
876,NONE
877,NONE
878,NONE
879,NONE
880,286265341
881,286265341
882,NONE
883,NONE
884,NONE
885,NONE
886,NONE
887,NONE
888,NONE
889,NONE
890,NONE
891,NONE
892,NONE
893,NONE
894,NONE
895,NONE
896,NONE
897,NONE
898,NONE
899,NONE
900,NONE
901,NONE
902,NONE
903,NONE
904,NONE
905,NONE
906,NONE
907,NONE
908,NONE
909,183198746
910,NONE
911,NONE
912,NONE
913,NONE
914,NONE
915,NONE
916,NONE
917,NONE
918,NONE
919,NONE
920,2538427496
921,85644937
922,NONE
923,NONE
924,NONE
925,NONE
926,NONE
927,NONE
928,NONE
929,NONE
930,NONE
931,NONE
932,NONE
933,NONE
934,NONE
935,NONE
936,NONE
937,NONE
938,429631704
939,NONE
940,NONE
941,NONE
942,NONE
943,NONE
944,NONE
945,NONE
946,NONE
947,NONE
948,NONE
949,NONE
950,NONE
951,NONE
952,NONE
953,NONE
954,NONE
955,NONE
956,NONE
957,NONE
958,NONE
959,NONE
960,NONE
961,NONE
962,NONE
963,NONE
964,NONE
965,NONE
966,NONE
967,NONE
968,NONE
969,NONE
970,NONE
971,NONE
972,NONE
973,NONE
974,NONE
975,NONE
976,NONE
977,NONE
978,219058165
979,NONE
980,NONE
981,1241690519
982,NONE
983,NONE
984,NONE
985,NONE
986,NONE
987,8917353
988,NONE
989,NONE
990,NONE
991,NONE
992,NONE
993,NONE
994,NONE
995,NONE
996,NONE
997,NONE
998,NONE
999,8917351
1000,NONE
1001,NONE
1002,NONE
1003,NONE
1004,NONE
1005,NONE
1006,NONE
1007,NONE
1008,NONE
1009,NONE
1010,NONE
1011,NONE
1012,NONE
1013,NONE
1014,NONE
1015,NONE
1016,NONE
1017,257981293
1018,NONE
1019,NONE
1020,283816544
1021,NONE
1022,NONE
1023,NONE
1024,NONE
1025,NONE
1026,NONE
1027,NONE
1028,NONE
1029,NONE
1030,8916290
1031,NONE
1032,NONE
1033,NONE
1034,NONE
1035,NONE
1036,NONE
1037,4259754689
1038,NONE
1039,NONE
1040,NONE
1041,NONE
1042,NONE
1043,NONE
1044,669137763
1045,NONE
1046,NONE
1047,NONE
1048,NONE
1049,5156140121
1050,NONE
1051,NONE
1052,NONE
1053,NONE
1054,NONE
1055,NONE
1056,NONE
1057,NONE
1058,NONE
1059,NONE
1060,NONE
1061,NONE
1062,NONE
1063,NONE
1064,NONE
1065,NONE
1066,NONE
1067,NONE
1068,NONE
1069,NONE
1070,NONE
1071,NONE
1072,NONE
1073,NONE
1074,NONE
1075,NONE
1076,NONE
1077,NONE
1078,NONE
1079,NONE
1080,NONE
1081,NONE
1082,NONE
1083,NONE
1084,NONE
1085,NONE
1086,NONE
1087,NONE
1088,718501562
1089,NONE
1090,NONE
1091,NONE
1092,NONE
1093,NONE
1094,NONE
1095,NONE
1096,NONE
1097,NONE
1098,NONE
1099,NONE
1100,NONE
1101,NONE
1102,NONE
1103,NONE
1104,NONE
1105,4163759705
1106,NONE
1107,NONE
1108,NONE
1109,NONE
1110,NONE
1111,NONE
1112,NONE
1113,NONE
1114,NONE
1115,NONE
1116,NONE
1117,NONE
1118,NONE
1119,NONE
1120,NONE
1121,NONE
1122,NONE
1123,NONE
1124,NONE
1125,NONE
1126,NONE
1127,NONE
1128,NONE
1129,NONE
1130,590623598
1131,2411607007
1132,NONE
1133,NONE
1134,NONE
1135,NONE
1136,NONE
1137,NONE
1138,NONE
1139,NONE
1140,NONE
1141,NONE
1142,NONE
1143,NONE
1144,NONE
1145,NONE
1146,NONE
1147,NONE
1148,2150077208
1149,NONE
1150,NONE
1151,NONE
1152,NONE
1153,NONE
1154,NONE
1155,NONE
1156,NONE
1157,NONE
1158,NONE
1159,NONE
1160,NONE
1161,NONE
1162,NONE
1163,NONE
1164,NONE
1165,260208816
1166,NONE
1167,NONE
1168,NONE
1169,NONE
1170,NONE
1171,NONE
1172,NONE
1173,NONE
1174,NONE
1175,NONE
1176,NONE
1177,NONE
1178,NONE
1179,NONE
1180,NONE
1181,NONE
1182,NONE
1183,NONE
1184,NONE
1185,NONE
1186,NONE
1187,NONE
1188,NONE
1189,NONE
1190,NONE
1191,NONE
1192,NONE
1193,NONE
1194,NONE
1195,NONE
1196,NONE
1197,NONE
1198,NONE
1199,NONE
1200,NONE
1201,NONE
1202,NONE
1203,NONE
1204,NONE
1205,NONE
1206,NONE
1207,NONE
1208,NONE
1209,NONE
1210,192368987
1211,192368987
1212,NONE
1213,NONE
1214,NONE
1215,NONE
1216,NONE
1217,NONE
1218,NONE
1219,NONE
1220,NONE
1221,NONE
1222,4628615917
1223,NONE
1224,NONE
1225,NONE
1226,NONE
1227,NONE
1228,NONE
1229,283529418
1230,NONE
1231,NONE
1232,86331235
1233,NONE
1234,NONE
1235,NONE
1236,NONE
1237,NONE
1238,NONE
1239,NONE
1240,NONE
1241,NONE
1242,NONE
1243,NONE
1244,NONE
1245,NONE
1246,NONE
1247,NONE
1248,NONE
1249,NONE
1250,NONE
1251,NONE
1252,NONE
1253,NONE
1254,NONE
1255,NONE
1256,NONE
1257,NONE
1258,NONE
1259,NONE
1260,NONE
1261,184255588
1262,NONE
1263,NONE
1264,NONE
1265,NONE
1266,NONE
1267,NONE
1268,NONE
1269,NONE
1270,NONE
1271,NONE
1272,262106681
1273,NONE
1274,NONE
1275,NONE
1276,NONE
1277,NONE
1278,NONE
1279,NONE
1280,NONE
1281,5581481079
1282,NONE
1283,NONE
1284,NONE
1285,NONE
1286,NONE
1287,NONE
1288,NONE
1289,NONE
1290,NONE
1291,NONE
1292,NONE
1293,NONE
1294,NONE
1295,NONE
1296,NONE
1297,NONE
1298,NONE
1299,NONE
1300,NONE
1301,NONE
1302,NONE
1303,NONE
1304,NONE
1305,NONE
1306,NONE
1307,NONE
1308,NONE
1309,NONE
1310,NONE
1311,NONE
1312,NONE
1313,NONE
1314,NONE
1315,NONE
1316,NONE
1317,NONE
1318,NONE
1319,NONE
1320,NONE
1321,NONE
1322,NONE
1323,NONE
1324,NONE
1325,NONE
1326,NONE
1327,NONE
1328,527449604
1329,NONE
1330,NONE
1331,NONE
1332,NONE
1333,NONE
1334,NONE
1335,NONE
1336,NONE
1337,8917166
1338,NONE
1339,NONE
1340,NONE
1341,NONE
1342,NONE
1343,NONE
1344,NONE
1345,NONE
1346,NONE
1347,NONE
1348,NONE
1349,NONE
1350,NONE
1351,NONE
1352,NONE
1353,NONE
1354,NONE
1355,NONE
1356,NONE
1357,NONE
1358,NONE
1359,NONE
1360,NONE
1361,NONE
1362,NONE
1363,NONE
1364,NONE
1365,NONE
1366,NONE
1367,NONE
1368,NONE
1369,NONE
1370,NONE
1371,NONE
1372,NONE
1373,NONE
1374,NONE
1375,NONE
1376,NONE
1377,NONE
1378,NONE
1379,NONE
1380,NONE
1381,NONE
1382,86331235
1383,8918851
1384,NONE
1385,NONE
1386,NONE
1387,NONE
1388,NONE
1389,NONE
1390,NONE
1391,NONE
1392,NONE
1393,158468965
1394,NONE
1395,NONE
1396,NONE
1397,NONE
1398,NONE
1399,NONE
1400,160331904
1401,NONE
1402,NONE
1403,NONE
1404,NONE
1405,NONE
1406,NONE
1407,NONE
1408,NONE
1409,NONE
1410,191297197
1411,NONE
1412,NONE
1413,NONE
1414,NONE
1415,NONE
1416,NONE
1417,NONE
1418,NONE
1419,NONE
1420,NONE
1421,NONE
1422,NONE
1423,184255588
1424,NONE
1425,NONE
1426,NONE
1427,NONE
1428,NONE
1429,NONE
1430,NONE
1431,NONE
1432,NONE
1433,NONE
1434,NONE
1435,NONE
1436,NONE
1437,NONE
1438,NONE
1439,NONE
1440,NONE
1441,NONE
1442,NONE
1443,NONE
1444,NONE
1445,NONE
1446,NONE
1447,NONE
1448,NONE
1449,NONE
1450,NONE
1451,NONE
1452,NONE
1453,NONE
1454,NONE
1455,NONE
1456,NONE
1457,NONE
1458,NONE
1459,NONE
1460,NONE
1461,NONE
1462,165336807
1463,NONE
1464,NONE
1465,706534246
1466,NONE
1467,NONE
1468,NONE
1469,NONE
1470,NONE
1471,NONE
1472,NONE
1473,NONE
1474,NONE
1475,NONE
1476,NONE
1477,NONE
1478,NONE
1479,NONE
1480,NONE
1481,NONE
1482,NONE
1483,NONE
1484,NONE
1485,NONE
1486,NONE
1487,NONE
1488,NONE
1489,NONE
1490,NONE
1491,NONE
1492,NONE
1493,256034677
1494,NONE
1495,NONE
1496,NONE
1497,NONE
1498,NONE
1499,NONE
1500,NONE
1501,NONE
1502,NONE
1503,NONE
1504,NONE
1505,NONE
1506,NONE
1507,NONE
1508,NONE
1509,NONE
1510,225854648
1511,NONE
1512,NONE
1513,NONE
1514,NONE
1515,NONE
1516,NONE
1517,NONE
1518,NONE
1519,NONE
1520,NONE
1521,NONE
1522,NONE
1523,NONE
1524,NONE
1525,NONE
1526,NONE
1527,NONE
1528,NONE
1529,550652205
1530,NONE
1531,NONE
1532,571428733
1533,NONE
1534,NONE
1535,NONE
1536,NONE
1537,NONE
1538,NONE
1539,NONE
1540,NONE
1541,NONE
1542,NONE
1543,NONE
1544,258018965
1545,NONE
1546,NONE
1547,NONE
1548,NONE
1549,NONE
1550,NONE
1551,NONE
1552,NONE
1553,NONE
1554,NONE
1555,NONE
1556,NONE
1557,NONE
1558,NONE
1559,NONE
1560,404804545
1561,NONE
1562,NONE
1563,NONE
1564,NONE
1565,NONE
1566,NONE
1567,NONE
1568,NONE
1569,NONE
1570,NONE
1571,NONE
1572,NONE
1573,NONE
1574,NONE
1575,NONE
1576,NONE
1577,NONE
1578,NONE
1579,NONE
1580,NONE
1581,NONE
1582,NONE
1583,NONE
1584,NONE
1585,NONE
1586,NONE
1587,NONE
1588,NONE
1589,NONE
1590,NONE
1591,NONE
1592,NONE
1593,NONE
1594,NONE
1595,NONE
1596,NONE
1597,NONE
1598,NONE
1599,NONE
1600,NONE
1601,NONE
1602,NONE
1603,NONE
1604,NONE
1605,4906956537
1606,NONE
1607,NONE
1608,NONE
1609,NONE
1610,NONE
1611,NONE
1612,396935396
1613,NONE
1614,NONE
1615,NONE
1616,NONE
1617,NONE
1618,NONE
1619,NONE
1620,NONE
1621,NONE
1622,NONE
1623,NONE
1624,30516559
1625,NONE
1626,NONE
1627,NONE
1628,432820853
1629,NONE
1630,NONE
1631,NONE
1632,NONE
1633,NONE
1634,NONE
1635,NONE
1636,NONE
1637,NONE
1638,NONE
1639,NONE
1640,NONE
1641,NONE
1642,6780338385
1643,NONE
1644,NONE
1645,NONE
1646,NONE
1647,NONE
1648,NONE
1649,NONE
1650,NONE
1651,NONE
1652,NONE
1653,254759976
1654,NONE
1655,NONE
1656,NONE
1657,NONE
1658,317124778
1659,NONE
1660,NONE
1661,NONE
1662,NONE
1663,NONE
1664,NONE
1665,NONE
1666,NONE
1667,NONE
1668,NONE
1669,NONE
1670,NONE
1671,NONE
1672,NONE
1673,NONE
1674,NONE
1675,NONE
1676,NONE
1677,NONE
1678,NONE
1679,NONE
1680,NONE
1681,NONE
1682,NONE
1683,NONE
1684,NONE
1685,NONE
1686,NONE
1687,NONE
1688,NONE
1689,NONE
1690,621956221
1691,NONE
1692,NONE
1693,NONE
1694,NONE
1695,NONE
1696,NONE
1697,NONE
1698,NONE
1699,NONE
1700,NONE
1701,NONE
1702,NONE
1703,NONE
1704,NONE
1705,NONE
1706,NONE
1707,NONE
1708,NONE
1709,NONE
1710,NONE
1711,NONE
1712,NONE
1713,NONE
1714,NONE
1715,NONE
1716,NONE
1717,NONE
1718,NONE
1719,NONE
1720,NONE
1721,NONE
1722,NONE
1723,NONE
1724,NONE
1725,NONE
1726,NONE
1727,NONE
1728,NONE
1729,NONE
1730,NONE
1731,NONE
1732,NONE
1733,NONE
1734,NONE
1735,192368988
1736,NONE
1737,NONE
1738,NONE
1739,NONE
1740,NONE
1741,NONE
1742,NONE
1743,NONE
1744,NONE
1745,NONE
1746,NONE
1747,NONE
1748,NONE
1749,NONE
1750,257972664
1751,NONE
1752,NONE
1753,NONE
1754,NONE
1755,NONE
1756,NONE
1757,NONE
1758,NONE
1759,NONE
1760,NONE
1761,NONE
1762,NONE
1763,NONE
1764,NONE
1765,NONE
1766,NONE
1767,NONE
1768,NONE
1769,NONE
1770,NONE
1771,NONE
1772,NONE
1773,596994104
1774,NONE
1775,NONE
1776,NONE
1777,NONE
1778,NONE
1779,NONE
1780,NONE
1781,NONE
1782,NONE
1783,NONE
1784,NONE
1785,NONE
1786,394443193
1787,NONE
1788,NONE
1789,NONE
1790,NONE
1791,148874366
1792,NONE
1793,NONE
1794,NONE
1795,NONE
1796,NONE
1797,281348318
1798,NONE
1799,NONE
1800,NONE
1801,NONE
1802,NONE
1803,NONE
1804,NONE
1805,256733611
1806,NONE
1807,NONE
1808,32963370
1809,NONE
1810,NONE
1811,NONE
1812,NONE
1813,NONE
1814,NONE
1815,NONE
1816,NONE
1817,NONE
1818,NONE
1819,NONE
1820,NONE
1821,NONE
1822,NONE
1823,NONE
1824,NONE
1825,NONE
1826,NONE
1827,NONE
1828,NONE
1829,NONE
1830,NONE
1831,NONE
1832,NONE
1833,NONE
1834,NONE
1835,NONE
1836,NONE
1837,NONE
1838,NONE
1839,NONE
1840,NONE
1841,NONE
1842,NONE
1843,NONE
1844,NONE
1845,NONE
1846,415292674
1847,32946577
1848,NONE
1849,NONE
1850,NONE
1851,NONE
1852,350984161
1853,NONE
1854,NONE
1855,NONE
1856,NONE
1857,NONE
1858,NONE
1859,NONE
1860,397169005
1861,NONE
1862,NONE
1863,NONE
1864,NONE
1865,NONE
1866,NONE
1867,NONE
1868,NONE
1869,NONE
1870,NONE
1871,NONE
1872,NONE
1873,NONE
1874,NONE
1875,NONE
1876,NONE
1877,NONE
1878,NONE
1879,NONE
1880,NONE
1881,NONE
1882,NONE
1883,NONE
1884,NONE
1885,NONE
1886,NONE
1887,NONE
1888,NONE
1889,133781781
1890,NONE
1891,NONE
1892,NONE
1893,NONE
1894,NONE
1895,NONE
1896,NONE
1897,NONE
1898,NONE
1899,NONE
1900,NONE
1901,NONE
1902,NONE
1903,NONE
1904,NONE
1905,NONE
1906,NONE
1907,NONE
1908,NONE
1909,268680515
1910,NONE
1911,NONE
1912,NONE
1913,NONE
1914,NONE
1915,NONE
1916,6645406775
1917,NONE
1918,NONE
1919,NONE
1920,NONE
1921,NONE
1922,NONE
1923,NONE
1924,NONE
1925,NONE
1926,NONE
1927,NONE
1928,NONE
1929,NONE
1930,NONE
1931,NONE
1932,NONE
1933,NONE
1934,NONE
1935,NONE
1936,NONE
1937,NONE
1938,NONE
1939,NONE
1940,NONE
1941,NONE
1942,NONE
1943,NONE
1944,276753180
1945,NONE
1946,NONE
1947,NONE
1948,NONE
1949,NONE
1950,NONE
1951,NONE
1952,NONE
1953,112774489
1954,NONE
1955,NONE
1956,706548261
1957,NONE
1958,NONE
1959,NONE
1960,NONE
1961,NONE
1962,NONE
1963,NONE
1964,NONE
1965,32865746
1966,NONE
1967,NONE
1968,NONE
1969,NONE
1970,NONE
1971,NONE
1972,NONE
1973,NONE
1974,NONE
1975,NONE
1976,NONE
1977,NONE
1978,NONE
1979,NONE
1980,NONE
1981,NONE
1982,NONE
1983,NONE
1984,NONE
1985,NONE
1986,NONE
1987,NONE
1988,NONE
1989,NONE
1990,NONE
1991,NONE
1992,NONE
1993,NONE
1994,5840675565
1995,255178162
1996,NONE
1997,NONE
1998,4631999419
1999,NONE
2000,NONE
2001,NONE
2002,NONE
2003,NONE
2004,NONE
2005,NONE
2006,NONE
2007,NONE
2008,NONE
2009,NONE
2010,NONE
2011,NONE
2012,NONE
2013,NONE
2014,NONE
2015,NONE
2016,NONE
2017,NONE
2018,NONE
2019,NONE
2020,NONE
2021,NONE
2022,NONE
2023,NONE
2024,NONE
2025,NONE
2026,6361437536
2027,NONE
2028,NONE
2029,NONE
2030,NONE
2031,NONE
2032,NONE
2033,NONE
2034,NONE
2035,NONE
2036,NONE
2037,NONE
2038,NONE
2039,NONE
2040,NONE
2041,NONE
2042,NONE
2043,NONE
2044,NONE
2045,NONE
2046,NONE
2047,NONE
2048,NONE
2049,NONE
2050,NONE
2051,NONE
2052,NONE
2053,NONE
2054,NONE
2055,NONE
2056,NONE
2057,NONE
2058,NONE
2059,NONE
2060,NONE
2061,NONE
2062,NONE
2063,NONE
2064,NONE
2065,NONE
2066,NONE
2067,686250335
2068,NONE
2069,NONE
2070,NONE
2071,NONE
2072,NONE
2073,NONE
2074,NONE
2075,NONE
2076,NONE
2077,NONE
2078,NONE
2079,NONE
2080,NONE
2081,NONE
2082,NONE
2083,NONE
2084,NONE
2085,NONE
2086,267048367
2087,NONE
2088,NONE
2089,NONE
2090,NONE
2091,NONE
2092,NONE
2093,260351411
2094,NONE
2095,NONE
2096,NONE
2097,NONE
2098,6339000584
2099,NONE
2100,NONE
2101,NONE
2102,NONE
2103,NONE
2104,NONE
2105,NONE
2106,NONE
2107,NONE
2108,NONE
2109,NONE
2110,NONE
2111,NONE
2112,NONE
2113,NONE
2114,NONE
2115,226283225
2116,NONE
2117,NONE
2118,NONE
2119,NONE
2120,NONE
2121,148874366
2122,80296730
2123,NONE
2124,NONE
2125,NONE
2126,NONE
2127,NONE
2128,NONE
2129,NONE
2130,NONE
2131,NONE
2132,NONE
2133,396965549
2134,NONE
2135,NONE
2136,272813638
2137,3799971167
2138,4255530603
2139,437956405
2140,NONE
2141,NONE
2142,NONE
2143,NONE
2144,NONE
2145,NONE
2146,NONE
2147,NONE
2148,NONE
2149,NONE
2150,NONE
2151,4782300205
2152,156102065
2153,NONE
2154,NONE
2155,NONE
2156,NONE
2157,NONE
2158,NONE
2159,NONE
2160,NONE
2161,NONE
2162,NONE
2163,NONE
2164,NONE
2165,NONE
2166,NONE
2167,NONE
2168,NONE
2169,NONE
2170,NONE
2171,NONE
2172,NONE
2173,NONE
2174,NONE
2175,85562519
2176,NONE
2177,65358818
2178,NONE
2179,NONE
2180,NONE
2181,NONE
2182,NONE
2183,NONE
2184,133856215
2185,NONE
2186,NONE
2187,NONE
2188,NONE
2189,NONE
2190,NONE
2191,NONE
2192,NONE
2193,NONE
2194,NONE
2195,NONE
2196,NONE
2197,NONE
2198,NONE
2199,NONE
2200,NONE
2201,NONE
2202,6437387641
2203,NONE
2204,NONE
2205,NONE
2206,NONE
2207,NONE
2208,NONE
2209,NONE
2210,NONE
2211,NONE
2212,NONE
2213,NONE
2214,NONE
2215,NONE
2216,NONE
2217,NONE
2218,NONE
2219,NONE
2220,NONE
2221,NONE
2222,NONE
2223,NONE
2224,NONE
2225,NONE
2226,269307606
2227,NONE
2228,NONE
2229,NONE
2230,278746752
2231,NONE
2232,NONE
2233,277451475
2234,NONE
2235,NONE
2236,NONE
2237,NONE
2238,NONE
2239,NONE
2240,697504030
2241,NONE
2242,NONE
2243,NONE
2244,NONE
2245,NONE
2246,NONE
2247,NONE
2248,NONE
2249,NONE
2250,NONE
2251,NONE
2252,NONE
2253,NONE
2254,NONE
2255,NONE
2256,NONE
2257,NONE
2258,NONE
2259,NONE
2260,NONE
2261,NONE
2262,NONE
2263,NONE
2264,NONE
2265,26938867
2266,NONE
2267,NONE
2268,NONE
2269,NONE
2270,NONE
2271,NONE
2272,NONE
2273,NONE
2274,NONE
2275,NONE
2276,NONE
2277,NONE
2278,NONE
2279,1409407363
2280,NONE
2281,NONE
2282,NONE
2283,NONE
2284,NONE
2285,NONE
2286,NONE
2287,NONE
2288,NONE
2289,NONE
2290,NONE
2291,85644906
2292,620728119
2293,NONE
2294,NONE
2295,NONE
2296,NONE
2297,NONE
2298,NONE
2299,NONE
2300,NONE
2301,34128766
2302,NONE
2303,NONE
2304,NONE
2305,NONE
2306,NONE
2307,NONE
2308,NONE
2309,NONE
2310,NONE
2311,NONE
2312,NONE
2313,NONE
2314,NONE
2315,NONE
2316,NONE
2317,NONE
2318,NONE
2319,NONE
2320,NONE
2321,NONE
2322,NONE
2323,NONE
2324,NONE
2325,NONE
2326,NONE
2327,469387973
2328,525599652
2329,NONE
2330,NONE
2331,NONE
2332,NONE
2333,NONE
2334,NONE
2335,NONE
2336,NONE
2337,NONE
2338,NONE
2339,NONE
2340,358803375
2341,NONE
2342,NONE
2343,NONE
2344,NONE
2345,265971627
2346,NONE
2347,NONE
2348,NONE
2349,NONE
2350,NONE
2351,NONE
2352,NONE
2353,NONE
2354,NONE
2355,NONE
2356,4628566830
2357,4628566830
2358,NONE
2359,NONE
2360,NONE
2361,NONE
2362,NONE
2363,NONE
2364,NONE
2365,255166635
2366,NONE
2367,NONE
2368,NONE
2369,NONE
2370,6437387641
2371,NONE
2372,NONE
2373,NONE
2374,NONE
2375,NONE
2376,NONE
2377,NONE
2378,NONE
2379,NONE
2380,NONE
2381,NONE
2382,NONE
2383,NONE
2384,30831679
2385,NONE
2386,NONE
2387,NONE
2388,NONE
2389,NONE
2390,NONE
2391,NONE
2392,NONE
2393,NONE
2394,NONE
2395,NONE
2396,NONE
2397,344209400
2398,NONE
2399,NONE
2400,NONE
2401,NONE
2402,NONE
2403,NONE
2404,NONE
2405,NONE
2406,NONE
2407,NONE
2408,NONE
2409,NONE
2410,NONE
2411,NONE
2412,NONE
2413,NONE
2414,NONE
2415,NONE
2416,NONE
2417,NONE
2418,387253516
2419,NONE
2420,NONE
2421,NONE
2422,NONE
2423,NONE
2424,NONE
2425,NONE
2426,NONE
2427,414325417
2428,NONE
2429,NONE
2430,NONE
2431,NONE
2432,28842443
2433,NONE
2434,NONE
2435,NONE
2436,NONE
2437,NONE
2438,NONE
2439,NONE
2440,NONE
2441,NONE
2442,NONE
2443,NONE
2444,NONE
2445,NONE
2446,NONE
2447,87376682
2448,NONE
2449,NONE
2450,NONE
2451,NONE
2452,NONE
2453,NONE
2454,NONE
2455,NONE
2456,NONE
2457,NONE
2458,NONE
2459,NONE
2460,NONE
2461,NONE
2462,NONE
2463,NONE
2464,NONE
2465,NONE
2466,NONE
2467,NONE
2468,NONE
2469,NONE
2470,NONE
2471,NONE
2472,NONE
2473,NONE
2474,NONE
2475,NONE
2476,NONE
2477,NONE
2478,NONE
2479,NONE
2480,NONE
2481,NONE
2482,NONE
2483,78252551
2484,NONE
2485,NONE
2486,NONE
2487,NONE
2488,NONE
2489,NONE
2490,NONE
2491,NONE
2492,NONE
2493,NONE
2494,NONE
2495,NONE
2496,NONE
2497,NONE
2498,1230343414
2499,NONE
2500,NONE
2501,NONE
2502,NONE
2503,NONE
2504,NONE
2505,NONE
2506,514449209
2507,NONE
2508,NONE
2509,NONE
2510,NONE
2511,NONE
2512,88572970
2513,NONE
2514,NONE
2515,NONE
2516,89770058
2517,NONE
2518,NONE
2519,NONE
2520,286343881
2521,NONE
2522,NONE
2523,NONE
2524,NONE
2525,NONE
2526,NONE
2527,NONE
2528,NONE
2529,NONE
2530,NONE
2531,4637773272
2532,4637773272
2533,NONE
2534,NONE
2535,NONE
2536,NONE
2537,NONE
2538,NONE
2539,NONE
2540,NONE
2541,NONE
2542,8920714
2543,NONE
2544,NONE
2545,NONE
2546,NONE
2547,NONE
2548,NONE
2549,NONE
2550,NONE
2551,526276795
2552,NONE
2553,NONE
2554,NONE
2555,NONE
2556,NONE
2557,255178114
2558,NONE
2559,NONE
2560,NONE
2561,NONE
2562,NONE
2563,NONE
2564,NONE
2565,NONE
2566,NONE
2567,NONE
2568,NONE
2569,NONE
2570,NONE
2571,NONE
2572,NONE
2573,NONE
2574,NONE
2575,NONE
2576,NONE
2577,NONE
2578,NONE
2579,NONE
2580,NONE
2581,NONE
2582,NONE
2583,NONE
2584,NONE
2585,NONE
2586,NONE
2587,NONE
2588,NONE
2589,NONE
2590,NONE
2591,NONE
2592,NONE
2593,NONE
2594,5652692707
2595,NONE
2596,NONE
2597,NONE
2598,NONE
2599,NONE
2600,NONE
2601,NONE
2602,NONE
2603,NONE
2604,NONE
2605,NONE
2606,NONE
2607,NONE
2608,NONE
2609,NONE
2610,NONE
2611,NONE
2612,34128766
2613,NONE
2614,261146642
2615,NONE
2616,NONE
2617,NONE
2618,NONE
2619,NONE
2620,NONE
2621,NONE
2622,NONE
2623,NONE
2624,NONE
2625,NONE
2626,NONE
2627,NONE
2628,NONE
2629,NONE
2630,NONE
2631,NONE
2632,NONE
2633,NONE
2634,NONE
2635,NONE
2636,NONE
2637,NONE
2638,NONE
2639,NONE
2640,NONE
2641,NONE
2642,NONE
2643,NONE
2644,NONE
2645,NONE
2646,NONE
2647,NONE
2648,NONE
2649,260153915
2650,NONE
2651,NONE
2652,NONE
2653,NONE
2654,NONE
2655,619568402
2656,NONE
2657,NONE
2658,NONE
2659,NONE
2660,NONE
2661,NONE
2662,NONE
2663,NONE
2664,NONE
2665,NONE
2666,NONE
2667,NONE
2668,NONE
2669,NONE
2670,NONE
2671,NONE
2672,NONE
2673,412116366
2674,NONE
2675,619590742
2676,358804784
2677,358804784
2678,358804784
2679,358804784
2680,NONE
2681,NONE
2682,NONE
2683,NONE
2684,NONE
2685,NONE
2686,NONE
2687,NONE
2688,NONE
2689,NONE
2690,NONE
2691,NONE
2692,NONE
2693,NONE
2694,NONE
2695,NONE
2696,NONE
2697,NONE
2698,287939964
2699,287939964
2700,8920677
2701,NONE
2702,NONE
2703,1714192011
2704,NONE
2705,NONE
2706,NONE
2707,NONE
2708,NONE
2709,689603996
2710,NONE
2711,NONE
2712,NONE
2713,NONE
2714,NONE
2715,NONE
2716,NONE
2717,NONE
2718,NONE
2719,NONE
2720,NONE
2721,NONE
2722,NONE
2723,NONE
2724,NONE
2725,NONE
2726,NONE
2727,254968960
2728,NONE
2729,NONE
2730,NONE
2731,NONE
2732,NONE
2733,NONE
2734,NONE
2735,NONE
2736,NONE
2737,NONE
2738,NONE
2739,85562555
2740,NONE
2741,NONE
2742,NONE
2743,192026934
2744,NONE
2745,254299112
2746,NONE
2747,NONE
2748,NONE
2749,NONE
2750,597125502
2751,NONE
2752,NONE
2753,288633745
2754,254759971
2755,NONE
2756,NONE
2757,NONE
2758,NONE
2759,NONE
2760,NONE
2761,NONE
2762,NONE
2763,NONE
2764,NONE
2765,NONE
2766,NONE
2767,NONE
2768,NONE
2769,NONE
2770,NONE
2771,NONE
2772,NONE
2773,NONE
2774,NONE
2775,NONE
2776,706534975
2777,NONE
2778,26938867
2779,NONE
2780,NONE
2781,NONE
2782,NONE
2783,NONE
2784,NONE
2785,NONE
2786,NONE
2787,NONE
2788,NONE
2789,NONE
2790,31089732
2791,NONE
2792,NONE
2793,NONE
2794,NONE
2795,NONE
2796,NONE
2797,93420037
2798,NONE
2799,406944765
2800,NONE
2801,NONE
2802,160331904
2803,NONE
2804,NONE
2805,NONE
2806,NONE
2807,NONE
2808,NONE
2809,NONE
2810,NONE
2811,NONE
2812,NONE
2813,NONE
2814,NONE
2815,NONE
2816,NONE
2817,NONE
2818,NONE
2819,NONE
2820,NONE
2821,NONE
2822,NONE
2823,NONE
2824,132605498
2825,NONE
2826,NONE
2827,4612096188
2828,NONE
2829,NONE
2830,NONE
2831,NONE
2832,NONE
2833,NONE
2834,NONE
2835,NONE
2836,NONE
2837,389406406
2838,6384628756
2839,NONE
2840,NONE
2841,NONE
2842,NONE
2843,NONE
2844,NONE
2845,NONE
2846,NONE
2847,NONE
2848,NONE
2849,NONE
2850,NONE
2851,NONE
2852,NONE
2853,NONE
2854,NONE
2855,NONE
2856,NONE
2857,8916983
2858,NONE
2859,NONE
2860,NONE
2861,NONE
2862,NONE
2863,NONE
2864,NONE
2865,NONE
2866,NONE
2867,NONE
2868,NONE
2869,NONE
2870,NONE
2871,NONE
2872,NONE
2873,263686074
2874,NONE
2875,NONE
2876,NONE
2877,NONE
2878,NONE
2879,NONE
2880,NONE
2881,NONE
2882,NONE
2883,NONE
2884,NONE
2885,NONE
2886,NONE
2887,NONE
2888,NONE
2889,NONE
2890,NONE
2891,NONE
2892,NONE
2893,NONE
2894,NONE
2895,NONE
2896,NONE
2897,NONE
2898,NONE
2899,NONE
2900,NONE
2901,103339440
2902,NONE
2903,NONE
2904,NONE
2905,NONE
2906,NONE
2907,160331904
2908,NONE
2909,NONE
2910,NONE
2911,NONE
2912,NONE
2913,NONE
2914,NONE
2915,NONE
2916,NONE
2917,NONE
2918,NONE
2919,NONE
2920,NONE
2921,NONE
2922,NONE
2923,NONE
2924,NONE
2925,NONE
2926,NONE
2927,NONE
2928,NONE
2929,5315466470
2930,NONE
2931,NONE
2932,NONE
2933,NONE
2934,NONE
2935,NONE
2936,NONE
2937,NONE
2938,NONE
2939,NONE
2940,1083221110
2941,NONE
2942,NONE
2943,NONE
2944,NONE
2945,NONE
2946,NONE
2947,NONE
2948,NONE
2949,NONE
2950,NONE
2951,NONE
2952,NONE
2953,NONE
2954,NONE
2955,NONE
2956,NONE
2957,NONE
2958,NONE
2959,NONE
2960,NONE
2961,NONE
2962,NONE
2963,NONE
2964,NONE
2965,NONE
2966,NONE
2967,NONE
2968,NONE
2969,NONE
2970,NONE
2971,103383621
2972,NONE
2973,NONE
2974,NONE
2975,NONE
2976,NONE
2977,NONE
2978,NONE
2979,NONE
2980,NONE
2981,NONE
2982,NONE
2983,NONE
2984,NONE
2985,NONE
2986,NONE
2987,NONE
2988,NONE
2989,NONE
2990,NONE
2991,NONE
2992,NONE
2993,NONE
2994,NONE
2995,NONE
2996,NONE
2997,5305948117
2998,NONE
2999,NONE
3000,505761791
3001,NONE
3002,NONE
3003,NONE
3004,493107463
3005,NONE
3006,NONE
3007,NONE
3008,NONE
3009,NONE
3010,NONE
3011,NONE
3012,NONE
3013,NONE
3014,NONE
3015,NONE
3016,NONE
3017,NONE
3018,NONE
3019,NONE
3020,NONE
3021,NONE
3022,NONE
3023,NONE
3024,NONE
3025,NONE
3026,NONE
3027,NONE
3028,NONE
3029,NONE
3030,NONE
3031,NONE
3032,NONE
3033,NONE
3034,NONE
3035,NONE
3036,414035355
3037,414035355
3038,NONE
3039,NONE
3040,NONE
3041,26938867
3042,NONE
3043,432825970
3044,NONE
3045,NONE
3046,NONE
3047,NONE
3048,NONE
3049,NONE
3050,NONE
3051,NONE
3052,NONE
3053,NONE
3054,NONE
3055,NONE
3056,NONE
3057,NONE
3058,NONE
3059,NONE
3060,NONE
3061,NONE
3062,NONE
3063,NONE
3064,NONE
3065,NONE
3066,NONE
3067,NONE
3068,NONE
3069,NONE
3070,NONE
3071,NONE
3072,NONE
3073,NONE
3074,NONE
3075,5841552324
3076,NONE
3077,NONE
3078,NONE
3079,NONE
3080,NONE
3081,NONE
3082,NONE
3083,NONE
3084,NONE
3085,680084077
3086,417392962
3087,NONE
3088,NONE
3089,NONE
3090,NONE
3091,NONE
3092,47160823
3093,NONE
3094,NONE
3095,NONE
3096,NONE
3097,NONE
3098,NONE
3099,NONE
3100,NONE
3101,NONE
3102,NONE
3103,NONE
3104,NONE
3105,NONE
3106,NONE
3107,NONE
3108,NONE
3109,NONE
3110,NONE
3111,NONE
3112,NONE
3113,40416254
3114,NONE
3115,NONE
3116,NONE
3117,NONE
3118,NONE
3119,NONE
3120,NONE
3121,NONE
3122,NONE
3123,NONE
3124,NONE
3125,NONE
3126,NONE
3127,NONE
3128,NONE
3129,133856261
3130,286277157
3131,NONE
3132,NONE
3133,NONE
3134,NONE
3135,NONE
3136,87200814
3137,NONE
3138,NONE
3139,NONE
3140,NONE
3141,NONE
3142,NONE
3143,NONE
3144,NONE
3145,287525396
3146,NONE
3147,NONE
3148,NONE
3149,274389975
3150,NONE
3151,NONE
3152,NONE
3153,NONE
3154,NONE
3155,NONE
3156,406722483
3157,NONE
3158,NONE
3159,NONE
3160,NONE
3161,NONE
3162,NONE
3163,NONE
3164,NONE
3165,NONE
3166,NONE
3167,NONE
3168,NONE
3169,NONE
3170,NONE
3171,NONE
3172,5595155727
3173,NONE
3174,NONE
3175,NONE
3176,NONE
3177,NONE
3178,NONE
3179,NONE
3180,NONE
3181,NONE
3182,NONE
3183,NONE
3184,NONE
3185,NONE
3186,NONE
3187,NONE
3188,NONE
3189,NONE
3190,NONE
3191,NONE
3192,NONE
3193,NONE
3194,NONE
3195,NONE
3196,NONE
3197,NONE
3198,NONE
3199,NONE
3200,NONE
3201,NONE
3202,NONE
3203,NONE
3204,NONE
3205,5905505736
3206,NONE
3207,NONE
3208,NONE
3209,NONE
3210,NONE
3211,NONE
3212,NONE
3213,NONE
3214,NONE
3215,NONE
3216,NONE
3217,NONE
3218,NONE
3219,NONE
3220,NONE
3221,NONE
3222,NONE
3223,NONE
3224,NONE
3225,NONE
3226,NONE
3227,NONE
3228,NONE
3229,NONE
3230,NONE
3231,NONE
3232,NONE
3233,NONE
3234,NONE
3235,198565351
3236,NONE
3237,NONE
3238,NONE
3239,415307827
3240,NONE
3241,NONE
3242,NONE
3243,NONE
3244,NONE
3245,NONE
3246,NONE
3247,NONE
3248,NONE
3249,NONE
3250,NONE
3251,256871621
3252,192368987
3253,NONE
3254,NONE
3255,NONE
3256,NONE
3257,NONE
3258,NONE
3259,NONE
3260,NONE
3261,NONE
3262,NONE
3263,NONE
3264,NONE
3265,NONE
3266,NONE
3267,NONE
3268,NONE
3269,NONE
3270,NONE
3271,NONE
3272,4659839437
3273,NONE
3274,196808836
3275,NONE
3276,NONE
3277,NONE
3278,NONE
3279,NONE
3280,NONE
3281,NONE
3282,NONE
3283,NONE
3284,NONE
3285,NONE
3286,NONE
3287,NONE
3288,NONE
3289,NONE
3290,NONE
3291,NONE
3292,NONE
3293,NONE
3294,NONE
3295,NONE
3296,NONE
3297,NONE
3298,NONE
3299,NONE
3300,NONE
3301,NONE
3302,NONE
3303,NONE
3304,NONE
3305,NONE
3306,NONE
3307,NONE
3308,NONE
3309,NONE
3310,NONE
3311,NONE
3312,NONE
3313,NONE
3314,NONE
3315,NONE
3316,NONE
3317,NONE
3318,NONE
3319,NONE
3320,332384276
3321,NONE
3322,NONE
3323,8920632
3324,NONE
3325,NONE
3326,NONE
3327,NONE
3328,NONE
3329,NONE
3330,NONE
3331,NONE
3332,NONE
3333,NONE
3334,NONE
3335,NONE
3336,NONE
3337,NONE
3338,NONE
3339,NONE
3340,NONE
3341,NONE
3342,NONE
3343,NONE
3344,NONE
3345,NONE
3346,NONE
3347,NONE
3348,NONE
3349,NONE
3350,NONE
3351,NONE
3352,NONE
3353,NONE
3354,NONE
3355,NONE
3356,6315233969
3357,NONE
3358,NONE
3359,253129371
3360,NONE
3361,NONE
3362,NONE
3363,NONE
3364,NONE
3365,NONE
3366,NONE
3367,NONE
3368,NONE
3369,NONE
3370,NONE
3371,NONE
3372,NONE
3373,NONE
3374,NONE
3375,NONE
3376,NONE
3377,NONE
3378,NONE
3379,NONE
3380,NONE
3381,NONE
3382,NONE
3383,NONE
3384,NONE
3385,NONE
3386,NONE
3387,NONE
3388,NONE
3389,NONE
3390,NONE
3391,NONE
3392,NONE
3393,NONE
3394,NONE
3395,NONE
3396,NONE
3397,NONE
3398,NONE
3399,NONE
3400,NONE
3401,706548261
3402,NONE
3403,NONE
3404,NONE
3405,NONE
3406,NONE
3407,NONE
3408,NONE
3409,NONE
3410,NONE
3411,NONE
3412,NONE
3413,NONE
3414,NONE
3415,NONE
3416,NONE
3417,NONE
3418,NONE
3419,NONE
3420,NONE
3421,NONE
3422,NONE
3423,NONE
3424,NONE
3425,NONE
3426,NONE
3427,NONE
3428,NONE
3429,NONE
3430,85644918
3431,NONE
3432,NONE
3433,NONE
3434,NONE
3435,NONE
3436,NONE
3437,NONE
3438,NONE
3439,NONE
3440,NONE
3441,NONE
3442,3987053469
3443,2072581631
3444,513962743
3445,112595013
3446,27393835
3447,4195991951
3448,229619075
3449,288937872
3450,430142494
3451,430142494
3452,8919450
3453,6358843415
3454,197168823
3455,8919441
3456,NONE
3457,NONE
3458,NONE
3459,NONE
3460,NONE
3461,NONE
3462,NONE
3463,NONE
3464,NONE
3465,NONE
3466,NONE
3467,NONE
3468,NONE
3469,NONE
3470,NONE
3471,NONE
3472,NONE
3473,NONE
3474,NONE
3475,NONE
3476,NONE
3477,NONE
3478,NONE
3479,NONE
3480,NONE
3481,NONE
3482,NONE
3483,NONE
3484,NONE
3485,NONE
3486,NONE
3487,NONE
3488,NONE
3489,NONE
3490,NONE
3491,NONE
3492,NONE
3493,NONE
3494,NONE
3495,NONE
3496,NONE
3497,NONE
3498,NONE
3499,NONE
3500,NONE
3501,NONE
3502,NONE
3503,NONE
3504,NONE
3505,NONE
3506,NONE
3507,NONE
3508,NONE
3509,NONE
3510,NONE
3511,NONE
3512,NONE
3513,NONE
3514,NONE
3515,NONE
3516,NONE
3517,NONE
3518,NONE
3519,NONE
3520,NONE
3521,NONE
3522,NONE
3523,NONE
3524,NONE
3525,NONE
3526,NONE
3527,NONE
3528,NONE
3529,NONE
3530,NONE
3531,NONE
3532,NONE
3533,NONE
3534,NONE
3535,NONE
3536,NONE
3537,NONE
3538,NONE
3539,NONE
3540,NONE
3541,NONE
3542,NONE
3543,NONE
3544,NONE
3545,NONE
3546,NONE
3547,NONE
3548,NONE
3549,NONE
3550,NONE
3551,NONE
3552,NONE
3553,NONE
3554,NONE
3555,NONE
3556,NONE
3557,NONE
3558,NONE
3559,NONE
3560,NONE
3561,NONE
3562,NONE
3563,NONE
3564,NONE
3565,NONE
3566,NONE
3567,NONE
3568,NONE
3569,NONE
3570,NONE
3571,NONE
3572,NONE
3573,NONE
3574,NONE
3575,NONE
3576,NONE
3577,NONE
3578,NONE
3579,NONE
3580,NONE
3581,NONE
3582,NONE
3583,NONE
3584,NONE
3585,NONE
3586,NONE
3587,NONE
3588,NONE
3589,NONE
3590,NONE
3591,NONE
3592,NONE
3593,NONE
3594,NONE
3595,NONE
3596,NONE
3597,NONE
3598,NONE
3599,NONE
3600,NONE
3601,NONE
3602,NONE
3603,NONE
3604,NONE
3605,NONE
3606,NONE
3607,NONE
3608,NONE
3609,NONE
3610,NONE
3611,NONE
3612,NONE
3613,NONE
3614,NONE
3615,NONE
3616,NONE
3617,NONE
3618,NONE
3619,NONE
3620,NONE
3621,NONE
3622,NONE
3623,NONE
3624,NONE
3625,NONE
3626,NONE
3627,NONE
3628,NONE
3629,NONE
3630,NONE
3631,NONE
3632,NONE
3633,NONE
3634,NONE
3635,NONE
3636,NONE
3637,NONE
3638,NONE
3639,NONE
3640,NONE
3641,NONE
3642,NONE
3643,NONE
3644,NONE
3645,NONE
3646,NONE
3647,123867421
3648,NONE
3649,NONE
3650,NONE
3651,NONE
3652,NONE
3653,NONE
3654,NONE
3655,NONE
3656,NONE
3657,NONE
3658,NONE
3659,NONE
3660,NONE
3661,NONE
3662,NONE
3663,NONE
3664,NONE
3665,NONE
3666,NONE
3667,NONE
3668,NONE
3669,NONE
3670,NONE
3671,NONE
3672,NONE
3673,NONE
3674,NONE
3675,NONE
3676,NONE
3677,NONE
3678,NONE
3679,NONE
3680,NONE
3681,NONE
3682,NONE
3683,NONE
3684,NONE
3685,NONE
3686,NONE
3687,NONE
3688,NONE
3689,NONE
3690,NONE
3691,NONE
3692,NONE
3693,NONE
3694,NONE
3695,NONE
3696,NONE
3697,NONE
3698,394443187
3699,NONE
3700,NONE
3701,NONE
3702,NONE
3703,NONE
3704,NONE
3705,NONE
3706,NONE
3707,NONE
3708,NONE
3709,NONE
3710,NONE
3711,NONE
3712,NONE
3713,NONE
3714,NONE
3715,NONE
3716,NONE
3717,NONE
3718,NONE
3719,NONE
3720,NONE
3721,NONE
3722,NONE
3723,NONE
3724,NONE
3725,NONE
3726,NONE
3727,NONE
3728,NONE
3729,NONE
3730,NONE
3731,NONE
3732,NONE
3733,NONE
3734,NONE
3735,NONE
3736,NONE
3737,NONE
3738,NONE
3739,NONE
3740,NONE
3741,NONE
3742,NONE
3743,NONE
3744,NONE
3745,NONE
3746,NONE
3747,NONE
3748,NONE
3749,NONE
3750,NONE
3751,NONE
3752,NONE
3753,NONE
3754,NONE
3755,NONE
3756,NONE
3757,NONE
3758,NONE
3759,NONE
3760,NONE
3761,NONE
3762,NONE
3763,NONE
3764,NONE
3765,NONE
3766,NONE
3767,NONE
3768,NONE
3769,NONE
3770,NONE
3771,NONE
3772,NONE
3773,NONE
3774,NONE
3775,NONE
3776,NONE
3777,NONE
3778,NONE
3779,NONE
3780,NONE
3781,NONE
3782,NONE
3783,NONE
3784,NONE
3785,NONE
3786,NONE
3787,NONE
3788,NONE
3789,NONE
3790,NONE
3791,NONE
3792,NONE
3793,NONE
3794,NONE
3795,NONE
3796,NONE
3797,NONE
3798,NONE
3799,NONE
3800,NONE
3801,NONE
3802,NONE
3803,NONE
3804,NONE
3805,NONE
3806,NONE
3807,NONE
3808,NONE
3809,NONE
3810,NONE
3811,NONE
3812,NONE
3813,NONE
3814,NONE
3815,NONE
3816,NONE
3817,NONE
3818,NONE
3819,NONE
3820,NONE
3821,NONE
3822,NONE
3823,NONE
3824,NONE
3825,NONE
3826,NONE
3827,NONE
3828,NONE
3829,NONE
3830,NONE
3831,NONE
3832,NONE
3833,NONE
3834,NONE
3835,NONE
3836,NONE
3837,NONE
3838,NONE
3839,NONE
3840,NONE
3841,NONE
3842,NONE
3843,NONE
3844,NONE
3845,NONE
3846,NONE
3847,NONE
3848,NONE
3849,NONE
3850,NONE
3851,NONE
3852,NONE
3853,NONE
3854,NONE
3855,NONE
3856,NONE
3857,NONE
3858,NONE
3859,NONE
3860,NONE
3861,NONE
3862,NONE
3863,NONE
3864,NONE
3865,NONE
3866,NONE
3867,NONE
3868,NONE
3869,NONE
3870,NONE
3871,NONE
3872,NONE
3873,NONE
3874,NONE
3875,NONE
3876,NONE
3877,NONE
3878,NONE
3879,NONE
3880,661905446
3881,NONE
